first,middle,last,grade_level,age,school,math_grade__2015,english_grade__2015,science_grade__2015,social_studies_grade__2015,math_grade__2016,english_grade__2016,science_grade__2016,social_studies_grade__2016,math_grade__2017,english_grade__2017,science_grade__2017,social_studies_grade__2017,math_grade__2018,english_grade__2018,science_grade__2018,social_studies_grade__2018
Krimhilde,Yuri,Hierro,11,17,Oakwood,NA,NA,NA,NA,72,64,64,58,72,58,63,61,65,57,62,64
Koby,Jayson,Cookson,11,16,Shady Willow,NA,NA,NA,NA,72,65,62,61,70,66,61,59,71,65,58,61
Landyn,Edmund,Baumer,10,15,Pine Field,NA,NA,NA,NA,NA,NA,NA,NA,65,48,56,40,67,44,48,37
Cybill,Liana,Woodcock,11,16,Pine Field,NA,NA,NA,NA,81,67,59,56,80,67,59,53,81,69,59,54
Colby,Enola,Paquet,9,15,Shady Willow,NA,NA,NA,NA,NA,NA,NA,NA,NA,NA,NA,NA,65,58,50,53
Franklin,Bai,Wilmer,12,17,Oakwood,45,29,38,35,46,28,29,34,50,34,38,35,44,37,34,32
Clover,Hiroki,Scrivens,12,16,Shady Willow,77,67,59,74,79,68,61,76,77,67,60,72,81,69,65,72
Mamen,Mike,Comtois,11,17,Pine Field,NA,NA,NA,NA,63,49,64,64,63,54,67,60,72,54,70,67
Kellie,Lyna,Dubois,11,16,Shady Willow,NA,NA,NA,NA,64,57,38,58,63,64,40,59,68,63,49,60
Gerónimo,Julius,Abel,12,17,Pine Field,65,49,52,41,63,51,57,42,64,49,55,41,60,49,50,38
Anabelle,Pace,Newport,9,16,Pine Field,NA,NA,NA,NA,NA,NA,NA,NA,NA,NA,NA,NA,60,45,54,56
Priscila,Günther,Arce,10,14,Pine Field,NA,NA,NA,NA,NA,NA,NA,NA,85,73,86,79,77,69,94,77
Anthony,Cymone,Simoneit,11,17,Shady Willow,NA,NA,NA,NA,68,62,51,61,71,58,48,64,69,67,53,64
Andile,Harriet,Breckenridge,10,15,Shady Willow,NA,NA,NA,NA,NA,NA,NA,NA,50,48,44,43,53,48,39,34
Heliodoro,Cathy,Gerhard,9,13,Shady Willow,NA,NA,NA,NA,NA,NA,NA,NA,NA,NA,NA,NA,73,68,69,76
Lettice,Hilaire,Bonnay,11,18,Shady Willow,NA,NA,NA,NA,56,64,51,59,66,61,50,55,64,60,45,57
Eleanor,Eligia,Couture,12,16,Shady Willow,78,64,58,59,74,71,62,63,79,65,59,59,78,66,56,65
Rosette,Wynonna,Schröder,10,16,Oakwood,NA,NA,NA,NA,NA,NA,NA,NA,74,76,52,56,70,73,54,48
Linnet,Alene,Soucy,11,16,Pine Field,NA,NA,NA,NA,79,57,80,61,82,52,74,61,73,55,68,64
Kenzo,Césaire,Kaufmann,9,14,Oakwood,NA,NA,NA,NA,NA,NA,NA,NA,NA,NA,NA,NA,64,68,53,45
Evan,Patrice,Edison,10,16,Pine Field,NA,NA,NA,NA,NA,NA,NA,NA,70,60,60,47,64,53,59,48
Arianne,Maddison,Wheeler,11,16,Shady Willow,NA,NA,NA,NA,74,74,63,65,79,71,63,62,83,74,65,66
Arnold,Toribio,Rey,11,14,Shady Willow,NA,NA,NA,NA,70,65,52,65,85,69,56,67,78,75,58,69
Elroy,Madeleine,Scholz,9,15,Pine Field,NA,NA,NA,NA,NA,NA,NA,NA,NA,NA,NA,NA,62,58,54,40
Aracely,Rowley,Fishman,9,12,Shady Willow,NA,NA,NA,NA,NA,NA,NA,NA,NA,NA,NA,NA,67,70,67,70
Gang,Rike,Schwartz,9,15,Shady Willow,NA,NA,NA,NA,NA,NA,NA,NA,NA,NA,NA,NA,71,67,65,62
Dominick,Gabriela,Meisner,11,16,Shady Willow,NA,NA,NA,NA,70,77,69,73,74,78,69,62,71,77,71,71
Wayland,Tim,Suárez,10,16,Oakwood,NA,NA,NA,NA,NA,NA,NA,NA,57,41,52,36,59,39,46,41
Ocean,Ildefonso,Beringer,10,16,Shady Willow,NA,NA,NA,NA,NA,NA,NA,NA,65,70,61,69,66,71,60,65
Luitgard,Jerrard,Ojeda,11,15,Pine Field,NA,NA,NA,NA,63,54,56,49,67,55,58,56,67,57,59,50
Nell,Fabian,Platt,9,13,Shady Willow,NA,NA,NA,NA,NA,NA,NA,NA,NA,NA,NA,NA,69,58,48,48
Lisette,Dayton,Peter,11,16,Pine Field,NA,NA,NA,NA,75,69,72,59,77,72,62,58,73,72,67,58
Amanda,Alexandra,Gibbs,10,15,Shady Willow,NA,NA,NA,NA,NA,NA,NA,NA,73,79,62,69,76,82,65,69
Jeanine,Deforrest,Olguín,9,13,Shady Willow,NA,NA,NA,NA,NA,NA,NA,NA,NA,NA,NA,NA,65,59,59,62
Léonel,Leonie,Francis,12,16,Shady Willow,85,84,67,70,80,84,64,73,80,85,65,73,82,82,72,71
Adrian,Joanne,King,10,14,Oakwood,NA,NA,NA,NA,NA,NA,NA,NA,78,62,61,52,74,58,62,58
Cuthbert,Roger,Draper,10,14,Oakwood,NA,NA,NA,NA,NA,NA,NA,NA,76,61,85,70,68,66,81,77
Misty,Maristela,Groos,9,14,Shady Willow,NA,NA,NA,NA,NA,NA,NA,NA,NA,NA,NA,NA,71,65,63,63
Celia,Félicienne,Cropper,10,17,Oakwood,NA,NA,NA,NA,NA,NA,NA,NA,75,76,67,71,73,81,65,70
Rob,Pancras,Boon,11,16,Shady Willow,NA,NA,NA,NA,81,71,73,65,81,72,71,64,84,78,70,74
Enu,Sayaka,Domínguez,9,15,Shady Willow,NA,NA,NA,NA,NA,NA,NA,NA,NA,NA,NA,NA,65,64,42,58
Loretta,Gavin,Fabian,10,16,Oakwood,NA,NA,NA,NA,NA,NA,NA,NA,65,75,54,58,61,75,55,58
Ganizani,Darion,Montgomery,11,16,Pine Field,NA,NA,NA,NA,72,57,67,52,66,48,71,48,72,51,67,53
Trixie,Yaling,Truman,12,19,Pine Field,72,66,59,56,73,69,53,55,71,68,51,56,69,70,56,54
Käthe,Aureliano,Thibault,11,17,Pine Field,NA,NA,NA,NA,75,76,65,63,74,73,60,66,79,71,62,58
Inez,Mailys,Norman,12,17,Pine Field,64,60,69,56,69,57,69,59,71,61,67,56,73,62,70,56
Effie,José,Spears,11,17,Shady Willow,NA,NA,NA,NA,56,59,44,51,59,52,42,53,58,56,45,59
Leni,Celinda,Cross,11,16,Shady Willow,NA,NA,NA,NA,80,78,63,70,80,74,66,73,78,73,69,76
Daniela,Adelheid,Slater,9,14,Shady Willow,NA,NA,NA,NA,NA,NA,NA,NA,NA,NA,NA,NA,84,79,73,82
Wilford,Gerald,Rettig,10,15,Pine Field,NA,NA,NA,NA,NA,NA,NA,NA,69,63,65,63,69,66,63,67
Nicky,Elisabet,Kirch,12,16,Pine Field,92,74,76,71,93,73,73,64,95,69,72,66,96,74,78,70
Yang,Doug,Sands,9,16,Shady Willow,NA,NA,NA,NA,NA,NA,NA,NA,NA,NA,NA,NA,71,50,62,61
Buster,Margie,Waltz,12,16,Oakwood,46,37,31,37,50,35,39,36,45,39,37,38,51,38,34,37
Kenith,Reyes,Liu,11,18,Shady Willow,NA,NA,NA,NA,61,34,52,40,60,34,53,43,56,38,51,51
Dane,Léonce,Coke,12,16,Oakwood,48,45,40,46,53,48,41,43,51,46,40,44,54,46,41,44
Phillip,Moreno,Christinsen,11,18,Shady Willow,NA,NA,NA,NA,73,61,63,74,70,61,58,69,67,64,62,61
Kornelia,Jochen,Bell,12,16,Pine Field,82,59,83,64,79,59,79,56,79,56,80,52,76,58,76,54
Charlotte,Eutropio,Albrecht,10,15,Oakwood,NA,NA,NA,NA,NA,NA,NA,NA,55,42,36,46,52,46,40,37
Dubaku,Melisa,Barnes,11,18,Shady Willow,NA,NA,NA,NA,56,51,32,50,52,50,33,47,59,47,34,54
Carver,Tarina,Leblanc,11,16,Pine Field,NA,NA,NA,NA,84,67,74,60,78,76,70,59,82,71,65,64
Chrissy,Huang,Granville,11,17,Oakwood,NA,NA,NA,NA,63,65,64,58,65,64,65,58,69,65,62,57
Peter,Olalla,Wootton,12,17,Shady Willow,73,69,49,58,72,60,50,59,68,63,53,53,75,68,53,59
Mubiru,Lynne,Karl,10,15,Shady Willow,NA,NA,NA,NA,NA,NA,NA,NA,76,59,49,67,77,60,47,70
Posie,Becci,Piper,10,17,Shady Willow,NA,NA,NA,NA,NA,NA,NA,NA,71,76,49,62,72,75,55,58
Feliciano,Hyacinth,Gully,10,15,Shady Willow,NA,NA,NA,NA,NA,NA,NA,NA,55,44,52,62,54,43,53,61
Mort,Tracy,Radclyffe,11,17,Shady Willow,NA,NA,NA,NA,73,79,53,65,66,73,48,68,63,81,56,63
Nicolás,Korey,Tuft,10,14,Oakwood,NA,NA,NA,NA,NA,NA,NA,NA,71,60,71,46,69,58,73,48
Clair,Sarah,Boesch,10,16,Pine Field,NA,NA,NA,NA,NA,NA,NA,NA,73,55,79,68,68,58,69,71
Orinda,Cande,Dumont,11,15,Pine Field,NA,NA,NA,NA,76,51,56,56,79,61,55,55,73,56,54,55
Meriel,Washington,Willey,11,18,Shady Willow,NA,NA,NA,NA,76,54,50,42,69,52,50,47,66,52,57,43
Lim,Eli,Randell,9,17,Shady Willow,NA,NA,NA,NA,NA,NA,NA,NA,NA,NA,NA,NA,77,67,58,72
Josefina,Mattias,Hopkins,11,16,Shady Willow,NA,NA,NA,NA,72,81,60,70,72,82,65,65,72,87,61,70
Brigham,Jasmyn,Samuels,12,15,Shady Willow,82,63,74,56,81,60,69,56,77,55,74,58,84,59,68,60
Eseoghene,Doriane,Walther,11,18,Shady Willow,NA,NA,NA,NA,84,79,75,80,83,86,77,81,88,78,79,80
Adeline,Christiane,Ashworth,10,15,Shady Willow,NA,NA,NA,NA,NA,NA,NA,NA,68,60,52,61,69,59,53,61
Engel,Narcisse,Thurstan,10,15,Shady Willow,NA,NA,NA,NA,NA,NA,NA,NA,67,69,57,59,70,64,55,60
Gordie,Ginger,Blake,9,15,Pine Field,NA,NA,NA,NA,NA,NA,NA,NA,NA,NA,NA,NA,71,52,64,63
Ariel,Libbie,Dürr,12,17,Shady Willow,71,53,52,61,68,55,53,55,68,53,49,58,76,63,54,61
Lennox,Cäcilie,Ryder,10,17,Oakwood,NA,NA,NA,NA,NA,NA,NA,NA,57,52,51,57,50,49,47,59
Dani,Cody,Silver,11,17,Pine Field,NA,NA,NA,NA,61,50,46,49,67,54,52,53,61,54,51,48
Winslow,Letty,Swango,10,15,Shady Willow,NA,NA,NA,NA,NA,NA,NA,NA,81,70,52,74,73,71,53,69
Pearl,Claud,Émile,10,16,Shady Willow,NA,NA,NA,NA,NA,NA,NA,NA,75,68,57,61,74,68,66,60
Chinedu,Phillipa,Díaz,12,17,Oakwood,62,59,47,50,64,57,46,58,62,54,49,53,60,50,50,50
Florian,Silvia,Daube,11,18,Oakwood,NA,NA,NA,NA,45,43,43,37,45,45,46,39,53,42,47,39
Reinaldo,Adrián,Castilla,10,15,Oakwood,NA,NA,NA,NA,NA,NA,NA,NA,65,53,60,57,61,51,66,55
Amor,Treasure,Audley,11,17,Shady Willow,NA,NA,NA,NA,80,61,62,65,74,66,61,57,79,67,58,65
Celestine,Paul,Kidd,10,14,Shady Willow,NA,NA,NA,NA,NA,NA,NA,NA,73,73,64,76,71,81,70,81
Goodwin,Kate,Woodhams,11,16,Shady Willow,NA,NA,NA,NA,63,72,51,69,65,69,44,75,64,69,41,74
Bradley,Georgia,Giles,9,16,Pine Field,NA,NA,NA,NA,NA,NA,NA,NA,NA,NA,NA,NA,85,71,63,76
Flore,Oghenekaro,Clarkson,11,16,Oakwood,NA,NA,NA,NA,80,70,70,64,86,72,70,68,82,69,74,68
Takehiko,Ella,Barre,9,15,Oakwood,NA,NA,NA,NA,NA,NA,NA,NA,NA,NA,NA,NA,86,74,78,67
Frédérique,Karissa,Schüttmann,11,18,Shady Willow,NA,NA,NA,NA,75,91,58,77,81,86,56,85,78,89,56,76
Jade,Kokoro,Blackwood,10,15,Shady Willow,NA,NA,NA,NA,NA,NA,NA,NA,66,42,50,56,64,52,60,53
Michelle,Camille,Cason,11,15,Shady Willow,NA,NA,NA,NA,70,61,64,62,70,61,65,60,71,63,67,66
Deidra,Carina,Downer,10,16,Oakwood,NA,NA,NA,NA,NA,NA,NA,NA,59,50,53,49,55,46,49,44
Sofía,Gwenevere,Joyner,11,18,Oakwood,NA,NA,NA,NA,65,59,67,50,65,56,72,53,66,56,66,56
Heliodoro,Ina,Caron,11,17,Pine Field,NA,NA,NA,NA,81,77,67,69,83,77,74,65,80,75,70,62
Klemens,Landyn,Dürr,9,14,Shady Willow,NA,NA,NA,NA,NA,NA,NA,NA,NA,NA,NA,NA,72,63,49,57
Carina,Meinhard,Leon,11,16,Pine Field,NA,NA,NA,NA,69,83,70,71,74,77,70,73,73,81,71,76
Petula,Nneka,Schuchert,10,15,Pine Field,NA,NA,NA,NA,NA,NA,NA,NA,63,37,51,49,64,43,50,53
Shui,Débora,Krause,12,16,Shady Willow,73,67,60,65,79,65,66,62,77,69,67,64,71,71,63,62
Sissie,Hong,Cropper,10,15,Shady Willow,NA,NA,NA,NA,NA,NA,NA,NA,67,48,53,51,68,54,55,59
Anneliese,Konstantin,Muñoz,12,17,Oakwood,68,68,46,46,70,65,49,53,70,64,46,51,66,63,48,47
Amarilis,Gorden,Larson,11,16,Shady Willow,NA,NA,NA,NA,75,67,61,70,77,63,57,68,73,59,53,62
Eliza,Gervais,Barnett,10,14,Shady Willow,NA,NA,NA,NA,NA,NA,NA,NA,95,83,76,73,90,85,71,74
Fitz,Ottomar,Bourdillon,9,14,Oakwood,NA,NA,NA,NA,NA,NA,NA,NA,NA,NA,NA,NA,86,82,71,66
Lexine,Haydée,Beaumont,12,18,Shady Willow,72,65,61,69,72,65,60,66,72,65,63,66,66,63,54,65
Karla,Doris,Love,11,18,Oakwood,NA,NA,NA,NA,76,74,59,55,70,68,55,52,72,70,54,51
Trisha,Briar,Burnham,10,16,Oakwood,NA,NA,NA,NA,NA,NA,NA,NA,64,60,59,55,67,58,59,55
Keighley,Genette,Schirmer,9,16,Pine Field,NA,NA,NA,NA,NA,NA,NA,NA,NA,NA,NA,NA,63,42,44,35
Ramona,Ryleigh,Coleman,12,17,Shady Willow,76,67,60,75,73,61,64,69,74,66,68,69,83,67,64,69
Jasmin,Justina,Hamm,11,18,Pine Field,NA,NA,NA,NA,69,55,55,59,72,55,56,55,79,57,55,54
Isolde,Joann,Pocock,11,16,Shady Willow,NA,NA,NA,NA,80,71,72,67,78,71,71,63,83,78,72,67
Deemer,Gerd,Lacey,11,14,Shady Willow,NA,NA,NA,NA,61,62,32,58,60,58,43,55,59,64,39,62
Teodora,Enrique,Bernard,9,15,Pine Field,NA,NA,NA,NA,NA,NA,NA,NA,NA,NA,NA,NA,67,48,55,52
Krista,Karenza,Wilkerson,9,15,Oakwood,NA,NA,NA,NA,NA,NA,NA,NA,NA,NA,NA,NA,78,80,70,82
Zoë,Ernest,Appleby,10,16,Shady Willow,NA,NA,NA,NA,NA,NA,NA,NA,80,79,67,61,85,72,71,69
Linnaea,Zaiden,Hunt,9,13,Shady Willow,NA,NA,NA,NA,NA,NA,NA,NA,NA,NA,NA,NA,81,61,49,64
Carolina,Rachel,Lin,10,16,Shady Willow,NA,NA,NA,NA,NA,NA,NA,NA,62,52,56,67,62,55,68,70
Candida,Yuuto,Shepard,9,15,Shady Willow,NA,NA,NA,NA,NA,NA,NA,NA,NA,NA,NA,NA,72,56,41,58
Kendal,Thane,Forst,10,14,Shady Willow,NA,NA,NA,NA,NA,NA,NA,NA,91,74,81,77,89,73,88,76
Clotilda,Emelia,Leitner,11,20,Oakwood,NA,NA,NA,NA,65,68,58,55,65,72,56,51,67,67,51,51
Cordell,Kolleen,Trujillo,9,14,Pine Field,NA,NA,NA,NA,NA,NA,NA,NA,NA,NA,NA,NA,72,71,59,70
Allyn,Delores,Bailey,9,14,Shady Willow,NA,NA,NA,NA,NA,NA,NA,NA,NA,NA,NA,NA,61,49,43,46
Hartley,Legend,Greene,10,16,Pine Field,NA,NA,NA,NA,NA,NA,NA,NA,80,80,69,66,77,80,70,66
Anja,Lita,Horn,10,17,Shady Willow,NA,NA,NA,NA,NA,NA,NA,NA,67,60,51,56,70,61,54,65
Azeneth,Emil,Alger,10,15,Shady Willow,NA,NA,NA,NA,NA,NA,NA,NA,82,49,58,53,78,52,56,57
Kenzo,Onyekachi,Bruhn,11,16,Pine Field,NA,NA,NA,NA,60,59,54,58,63,68,59,56,53,62,53,57
Kobina,Dirk,Toller,11,16,Shady Willow,NA,NA,NA,NA,59,52,53,40,60,49,46,49,55,45,46,47
Alysha,Carley,Kitchens,10,16,Pine Field,NA,NA,NA,NA,NA,NA,NA,NA,75,54,54,55,68,57,53,58
Denice,Katja,Hatheway,10,15,Shady Willow,NA,NA,NA,NA,NA,NA,NA,NA,73,72,67,66,71,69,68,70
Achim,Christie,Gallo,10,15,Shady Willow,NA,NA,NA,NA,NA,NA,NA,NA,75,59,59,74,76,63,71,66
Haywood,Léane,Rennell,11,17,Shady Willow,NA,NA,NA,NA,67,69,65,59,67,68,58,63,64,67,62,60
Madeline,Tonya,Bai,9,15,Shady Willow,NA,NA,NA,NA,NA,NA,NA,NA,NA,NA,NA,NA,72,70,69,67
Ami,Valentine,Hackett,11,16,Shady Willow,NA,NA,NA,NA,72,79,58,72,77,78,61,74,72,81,59,75
Mollie,Aubin,Batts,10,15,Shady Willow,NA,NA,NA,NA,NA,NA,NA,NA,82,81,65,81,88,80,71,81
Raleigh,Alysia,Leach,11,16,Shady Willow,NA,NA,NA,NA,71,62,56,55,66,59,54,49,71,59,56,54
Léonel,Sarita,Phillips,9,14,Shady Willow,NA,NA,NA,NA,NA,NA,NA,NA,NA,NA,NA,NA,58,39,43,54
Odell,Herberto,Fabian,10,16,Shady Willow,NA,NA,NA,NA,NA,NA,NA,NA,76,62,57,59,76,69,53,58
Kalla,Leoncio,Lafrentz,9,16,Shady Willow,NA,NA,NA,NA,NA,NA,NA,NA,NA,NA,NA,NA,71,58,58,60
Benigna,Lucia,Porcher,11,16,Pine Field,NA,NA,NA,NA,75,64,59,68,71,63,68,70,73,65,65,70
Jazlyn,Christiane,Waterman,9,16,Pine Field,NA,NA,NA,NA,NA,NA,NA,NA,NA,NA,NA,NA,80,65,54,57
Keir,Owen,Haynes,10,14,Shady Willow,NA,NA,NA,NA,NA,NA,NA,NA,70,77,72,86,73,79,80,84
Katharyn,Wilmer,Smedley,11,15,Oakwood,NA,NA,NA,NA,64,57,56,53,66,63,57,52,63,59,52,53
Ellie,Melba,Sudworth,9,16,Pine Field,NA,NA,NA,NA,NA,NA,NA,NA,NA,NA,NA,NA,61,38,43,29
Louella,Brian,Morales,12,18,Shady Willow,59,54,42,48,57,59,44,52,55,53,43,54,57,54,42,55
Sienna,Nat,Waldroup,10,15,Shady Willow,NA,NA,NA,NA,NA,NA,NA,NA,96,76,68,67,87,76,66,67
Fortune,Paisley,Moore,10,14,Oakwood,NA,NA,NA,NA,NA,NA,NA,NA,87,64,84,79,86,67,79,74
Kaydence,Grier,Messer,9,16,Oakwood,NA,NA,NA,NA,NA,NA,NA,NA,NA,NA,NA,NA,86,72,80,63
Violet,Vespasien,Wilkie,11,17,Oakwood,NA,NA,NA,NA,69,69,81,64,71,73,78,66,70,70,77,60
Vienne,Quirino,Göbel,10,16,Oakwood,NA,NA,NA,NA,NA,NA,NA,NA,67,60,56,59,62,57,59,61
Régulo,Eberhard,Laurent,10,16,Shady Willow,NA,NA,NA,NA,NA,NA,NA,NA,65,67,51,70,64,71,52,63
Blaine,Sapphire,Menéndez,10,14,Shady Willow,NA,NA,NA,NA,NA,NA,NA,NA,64,70,48,55,62,63,54,53
Kinge,Lamar,Hailey,11,17,Shady Willow,NA,NA,NA,NA,74,71,61,73,71,68,60,74,72,75,59,72
Atieno,Siegmar,Lapointe,11,18,Oakwood,NA,NA,NA,NA,68,61,63,53,68,59,66,58,70,58,65,59
Nevada,Rocky,Mark,11,18,Shady Willow,NA,NA,NA,NA,79,68,58,69,79,73,59,66,83,66,64,62
Reine,Daiki,Béranger,11,16,Shady Willow,NA,NA,NA,NA,75,64,56,58,76,66,53,63,79,69,50,64
Vaughn,Nsia,Oelberg,12,18,Oakwood,71,64,53,43,64,59,48,51,68,70,45,51,65,68,55,45
Tancredo,Anne,Lee,12,17,Shady Willow,67,64,56,69,61,67,54,66,65,63,47,70,72,70,51,66
Henri,Artie,Fleischer,11,14,Shady Willow,NA,NA,NA,NA,87,80,69,75,86,77,69,76,89,74,65,81
Bettie,Octavio,Peyton,12,17,Shady Willow,82,97,72,97,82,93,72,94,85,96,69,93,87,90,71,94
Manuel,Sybille,Kirby,10,15,Shady Willow,NA,NA,NA,NA,NA,NA,NA,NA,100,100,100,100,100,99,96,100
Isla,Ainara,Bell,10,14,Shady Willow,NA,NA,NA,NA,NA,NA,NA,NA,82,77,57,71,78,83,59,72
Osbourne,Michaël,Han,10,16,Shady Willow,NA,NA,NA,NA,NA,NA,NA,NA,64,53,49,56,60,63,51,58
Paule,Zach,Otieno,10,15,Pine Field,NA,NA,NA,NA,NA,NA,NA,NA,65,41,58,42,62,44,58,41
Cammie,Audie,Warner,10,16,Shady Willow,NA,NA,NA,NA,NA,NA,NA,NA,74,62,55,55,71,64,55,70
Ai,Émeline,Newman,10,14,Shady Willow,NA,NA,NA,NA,NA,NA,NA,NA,61,53,54,50,61,59,51,51
Danny,Shanna,Scheer,10,14,Oakwood,NA,NA,NA,NA,NA,NA,NA,NA,65,55,56,65,63,60,56,65
Roxie,Sheri,Andres,9,15,Oakwood,NA,NA,NA,NA,NA,NA,NA,NA,NA,NA,NA,NA,71,54,80,69
Sonia,Cloe,Porcher,11,17,Pine Field,NA,NA,NA,NA,86,57,71,61,81,57,78,58,81,54,74,53
Wasswa,Wanjiku,Babatunde,11,17,Shady Willow,NA,NA,NA,NA,78,66,53,47,73,66,51,40,71,64,52,47
Víctor,Tory,Ludwig,9,13,Shady Willow,NA,NA,NA,NA,NA,NA,NA,NA,NA,NA,NA,NA,98,93,86,85
Kazuo,Emeka,Allan,12,18,Shady Willow,62,62,39,54,68,57,42,55,64,64,44,59,61,54,41,61
Siegbert,Tamrat,Wehunt,9,17,Pine Field,NA,NA,NA,NA,NA,NA,NA,NA,NA,NA,NA,NA,68,54,61,56
Sebastian,Pili,Walterson,10,14,Pine Field,NA,NA,NA,NA,NA,NA,NA,NA,72,52,68,54,73,58,75,53
Marielle,Jerold,Guillory,9,15,Shady Willow,NA,NA,NA,NA,NA,NA,NA,NA,NA,NA,NA,NA,67,62,62,72
Rollo,Madoline,Gagnon,11,15,Shady Willow,NA,NA,NA,NA,52,72,45,53,56,62,54,58,51,66,48,56
Trini,Esmée,Porcher,10,15,Shady Willow,NA,NA,NA,NA,NA,NA,NA,NA,73,73,55,80,75,74,57,78
Hinata,Konstantin,Sorg,10,17,Shady Willow,NA,NA,NA,NA,NA,NA,NA,NA,67,60,66,67,67,61,56,63
Anabel,Dannie,Beck,11,15,Oakwood,NA,NA,NA,NA,52,54,49,53,48,57,55,45,51,61,52,49
Mosi,Addyson,Jiménez,11,15,Oakwood,NA,NA,NA,NA,71,79,52,54,70,67,52,63,76,77,56,59
Hayato,Jessamine,Whinery,11,17,Shady Willow,NA,NA,NA,NA,70,76,65,76,73,83,73,76,70,83,71,80
Violette,Jodene,Peck,11,15,Shady Willow,NA,NA,NA,NA,65,62,41,62,60,56,40,57,61,55,41,59
Rubén,Kuro,Fields,10,15,Oakwood,NA,NA,NA,NA,NA,NA,NA,NA,68,61,53,52,67,63,59,60
Christian,Carole,Royle,10,15,Oakwood,NA,NA,NA,NA,NA,NA,NA,NA,63,67,55,60,65,64,55,57
Ford,Quincy,Phillips,9,14,Shady Willow,NA,NA,NA,NA,NA,NA,NA,NA,NA,NA,NA,NA,65,59,60,52
Mukami,Raelynn,Andreas,10,16,Shady Willow,NA,NA,NA,NA,NA,NA,NA,NA,74,73,60,79,76,74,60,79
Jen,Maja,Tobin,10,18,Oakwood,NA,NA,NA,NA,NA,NA,NA,NA,48,40,38,33,49,41,33,26
Daniel,Mason,Thorpe,12,17,Shady Willow,67,56,59,68,69,52,55,66,70,51,57,61,72,55,60,63
Charmaine,Kiyoko,Tollemache,12,18,Shady Willow,71,64,59,65,70,63,58,62,72,59,55,65,68,65,60,64
Délia,Sampson,Noguera,10,17,Pine Field,NA,NA,NA,NA,NA,NA,NA,NA,84,65,71,64,79,67,63,58
Ariane,Lisha,Andreas,9,14,Pine Field,NA,NA,NA,NA,NA,NA,NA,NA,NA,NA,NA,NA,72,55,57,49
Feliciana,Damián,Blanco,10,16,Shady Willow,NA,NA,NA,NA,NA,NA,NA,NA,74,81,72,68,70,86,72,76
Lynette,Monique,Aust,11,16,Pine Field,NA,NA,NA,NA,82,60,69,61,83,59,66,65,81,59,72,64
Edith,Alec,Irvin,9,13,Shady Willow,NA,NA,NA,NA,NA,NA,NA,NA,NA,NA,NA,NA,89,83,65,82
Neizan,Moritz,Rey,10,16,Shady Willow,NA,NA,NA,NA,NA,NA,NA,NA,80,86,58,75,77,79,59,72
Kaycee,Léonard,Daniel,10,16,Shady Willow,NA,NA,NA,NA,NA,NA,NA,NA,69,77,48,72,65,75,51,70
Pansy,Hatty,Zhu,10,14,Shady Willow,NA,NA,NA,NA,NA,NA,NA,NA,62,58,59,65,63,62,59,66
Ercilia,David,Reeves,12,17,Shady Willow,67,77,49,69,71,72,57,63,68,72,53,69,65,74,53,70
Grayson,Freeman,Ikin,12,18,Pine Field,60,42,53,34,63,38,45,37,58,47,45,37,59,40,49,31
Donald,Gordie,Brisbois,12,18,Oakwood,75,74,53,66,75,65,59,68,81,65,53,60,79,64,52,63
Lisha,Tim,Outterridge,11,17,Shady Willow,NA,NA,NA,NA,75,73,71,71,74,78,64,72,79,71,66,70
Thelma,Hildegarde,Wolf,9,15,Pine Field,NA,NA,NA,NA,NA,NA,NA,NA,NA,NA,NA,NA,63,56,61,57
Tammy,Zoey,Lam,10,16,Shady Willow,NA,NA,NA,NA,NA,NA,NA,NA,72,65,74,72,78,61,70,75
Adrienne,Briana,Gutiérrez,11,16,Pine Field,NA,NA,NA,NA,72,57,74,53,69,55,78,50,70,57,79,46
Romayne,Cat,Appleton,9,13,Pine Field,NA,NA,NA,NA,NA,NA,NA,NA,NA,NA,NA,NA,71,58,68,62
Adélaïde,Visitación,Bonheur,10,16,Shady Willow,NA,NA,NA,NA,NA,NA,NA,NA,80,70,65,70,76,73,71,69
Pía,Wolf,Itou,10,15,Oakwood,NA,NA,NA,NA,NA,NA,NA,NA,59,55,54,49,62,54,64,45
Etelvina,Jacobo,Leonard,9,15,Shady Willow,NA,NA,NA,NA,NA,NA,NA,NA,NA,NA,NA,NA,85,74,64,81
Shavonne,Forrest,Taylor,10,16,Pine Field,NA,NA,NA,NA,NA,NA,NA,NA,70,58,56,45,75,57,58,42
Florentina,Ethelinda,Smith,11,17,Shady Willow,NA,NA,NA,NA,83,73,61,70,85,75,62,74,83,74,64,72
Lucian,Melchor,Rey,11,16,Pine Field,NA,NA,NA,NA,76,50,69,67,78,48,72,66,76,48,65,68
Nataniel,Afua,Wilkinson,10,17,Oakwood,NA,NA,NA,NA,NA,NA,NA,NA,67,58,58,49,68,52,57,48
Jean-Pierre,Marta,Baumbach,10,15,Pine Field,NA,NA,NA,NA,NA,NA,NA,NA,77,67,74,59,77,71,72,63
Desi,Jamison,Adams,10,17,Shady Willow,NA,NA,NA,NA,NA,NA,NA,NA,60,49,48,51,54,57,46,59
Andrea,Ernestine,Aiken,10,16,Shady Willow,NA,NA,NA,NA,NA,NA,NA,NA,75,83,73,90,78,80,74,80
Nola,Teresita,Tatton,11,17,Oakwood,NA,NA,NA,NA,67,49,53,45,66,49,53,47,67,50,56,42
Arvel,Deacon,Schreck,10,14,Oakwood,NA,NA,NA,NA,NA,NA,NA,NA,52,42,59,45,54,46,57,49
Ochieng,Reynaud,Baumann,11,17,Pine Field,NA,NA,NA,NA,77,86,83,73,83,76,81,78,91,81,83,77
Archer,Cadence,Carman,11,18,Shady Willow,NA,NA,NA,NA,79,66,60,72,77,69,59,65,80,69,65,72
África,Percy,Lyon,11,16,Shady Willow,NA,NA,NA,NA,62,59,52,53,62,53,52,51,67,52,52,53
Amery,Sherry,Barret,11,17,Pine Field,NA,NA,NA,NA,72,55,60,41,70,58,58,44,69,56,62,44
Joëlle,Nicola,Yamamoto,12,19,Pine Field,74,47,52,55,67,50,50,54,69,48,49,56,73,45,48,49
Sherry,Chukwudi,Slusser,10,18,Shady Willow,NA,NA,NA,NA,NA,NA,NA,NA,73,68,59,70,72,64,64,65
Regula,Sabrina,Kaube,10,16,Pine Field,NA,NA,NA,NA,NA,NA,NA,NA,54,47,51,44,56,46,48,43
Quentin,Julia,Fried,11,17,Shady Willow,NA,NA,NA,NA,72,70,44,71,71,67,44,73,67,68,48,69
Beckham,Randall,Noel,10,16,Oakwood,NA,NA,NA,NA,NA,NA,NA,NA,72,76,66,64,69,73,63,65
Loan,Ella,Casales,12,19,Shady Willow,65,67,54,62,72,63,57,61,72,64,55,62,73,65,49,59
Jing,Winfield,Deniau,12,17,Pine Field,78,65,71,64,69,69,67,60,74,72,69,63,70,70,67,64
Red,Micha,Brooks,12,17,Pine Field,66,54,54,41,65,57,51,50,63,55,57,48,67,53,54,40
Elma,César,Katou,10,15,Shady Willow,NA,NA,NA,NA,NA,NA,NA,NA,57,37,49,52,55,41,53,48
Perry,Chauncey,Whinery,11,17,Shady Willow,NA,NA,NA,NA,76,70,61,69,74,63,57,72,73,63,57,69
Burkhard,Taiki,Coombs,9,14,Oakwood,NA,NA,NA,NA,NA,NA,NA,NA,NA,NA,NA,NA,71,75,54,55
Berhane,Laird,Valencia,11,18,Shady Willow,NA,NA,NA,NA,64,59,45,56,65,56,42,56,66,64,48,60
Sipho,Benjy,Ihejirika,11,17,Shady Willow,NA,NA,NA,NA,78,76,68,68,72,76,71,67,78,77,63,71
Lachlan,François,Giffard,10,16,Shady Willow,NA,NA,NA,NA,NA,NA,NA,NA,65,67,54,65,61,66,48,64
Ignaz,Prunella,Rot,11,16,Shady Willow,NA,NA,NA,NA,64,74,35,55,64,76,34,54,65,68,41,59
Estefanía,Stacy,Laurenz,12,16,Pine Field,74,66,73,63,74,64,71,61,85,67,72,69,81,71,81,66
Waldo,Jeremias,Brun,11,16,Shady Willow,NA,NA,NA,NA,66,58,47,60,61,63,43,61,58,58,47,62
Yuina,Travers,Starr,9,15,Oakwood,NA,NA,NA,NA,NA,NA,NA,NA,NA,NA,NA,NA,83,79,72,74
Caitlin,Jeanne,Rose,10,16,Oakwood,NA,NA,NA,NA,NA,NA,NA,NA,51,25,42,34,50,29,39,32
Gunter,Berthe,Judd,12,17,Oakwood,64,58,60,57,58,54,58,55,61,58,66,58,61,56,67,58
René,Claribel,Campos,11,16,Shady Willow,NA,NA,NA,NA,61,54,42,51,62,59,48,53,64,56,40,47
Lexi,Amethyst,Castilla,10,16,Pine Field,NA,NA,NA,NA,NA,NA,NA,NA,73,59,62,62,72,58,63,71
Francette,Nicolette,Blanchard,11,16,Shady Willow,NA,NA,NA,NA,75,63,56,68,80,70,58,71,73,66,59,64
Norberto,Mwenye,Jervis,10,15,Pine Field,NA,NA,NA,NA,NA,NA,NA,NA,79,79,73,56,79,78,67,64
Malandra,Daiki,Draper,11,18,Pine Field,NA,NA,NA,NA,60,58,56,46,62,54,55,51,63,54,59,49
Jeanette,Roly,Busto,12,19,Shady Willow,74,73,57,68,71,74,60,70,79,72,55,65,71,70,54,62
Adelita,Konrad,Shriver,11,15,Shady Willow,NA,NA,NA,NA,83,83,59,62,80,86,62,67,83,85,65,60
Theresa,Lorne,Lachapelle,10,13,Shady Willow,NA,NA,NA,NA,NA,NA,NA,NA,85,89,85,91,78,83,83,88
Rexanne,Chiyembekezo,Trask,10,15,Pine Field,NA,NA,NA,NA,NA,NA,NA,NA,63,53,56,48,65,47,51,50
Rüdiger,Fitzroy,Wallis,10,16,Shady Willow,NA,NA,NA,NA,NA,NA,NA,NA,53,53,45,56,54,60,41,61
Haydée,Albano,Braun,10,17,Pine Field,NA,NA,NA,NA,NA,NA,NA,NA,74,53,67,51,78,49,72,51
Jean-Michel,Michael,Berg,10,16,Shady Willow,NA,NA,NA,NA,NA,NA,NA,NA,62,56,45,58,59,59,52,54
Liza,Kimmie,Vieth,11,17,Shady Willow,NA,NA,NA,NA,66,61,73,73,74,60,70,68,72,54,73,67
Osborn,Stone,Großel,10,14,Shady Willow,NA,NA,NA,NA,NA,NA,NA,NA,69,47,56,56,66,52,52,51
Lela,Marvin,Alvarado,11,16,Shady Willow,NA,NA,NA,NA,68,62,67,67,74,57,73,71,66,63,65,65
Ricarda,Kunto,Xun,11,18,Oakwood,NA,NA,NA,NA,68,70,64,58,69,64,63,61,67,66,64,56
Linsay,Finnegan,Durand,10,15,Oakwood,NA,NA,NA,NA,NA,NA,NA,NA,71,84,75,74,70,83,75,77
Yukiko,Ely,Kaube,11,15,Pine Field,NA,NA,NA,NA,69,65,55,60,65,63,66,59,69,66,63,62
Othmar,Coretta,Norwood,10,15,Shady Willow,NA,NA,NA,NA,NA,NA,NA,NA,77,70,58,66,67,63,63,59
Annette,Casimiro,Corwin,10,14,Shady Willow,NA,NA,NA,NA,NA,NA,NA,NA,71,71,61,69,70,75,63,71
Saturnino,Bea,Best,12,18,Shady Willow,65,53,51,53,66,51,45,50,63,51,46,52,66,46,52,51
Diann,Imani,Watson,9,13,Shady Willow,NA,NA,NA,NA,NA,NA,NA,NA,NA,NA,NA,NA,69,59,66,69
Langdon,Minenhle,Penny,10,16,Shady Willow,NA,NA,NA,NA,NA,NA,NA,NA,74,75,61,80,75,80,55,85
Katey,Hadley,Schubert,10,15,Pine Field,NA,NA,NA,NA,NA,NA,NA,NA,64,58,57,62,65,59,61,53
Hartwig,Petrus,Gosse,11,15,Shady Willow,NA,NA,NA,NA,74,62,68,68,75,62,74,66,72,64,70,63
Hermenegildo,Jakob,Westcott,11,16,Oakwood,NA,NA,NA,NA,76,78,69,71,81,81,74,71,72,77,73,62
Pascal,Brigitte,Comtois,10,16,Shady Willow,NA,NA,NA,NA,NA,NA,NA,NA,75,81,73,84,77,79,73,78
Homer,Silvio,Berger,12,16,Pine Field,77,70,64,51,73,66,54,60,69,64,57,55,75,57,54,53
Sela,Raegan,Overton,11,16,Oakwood,NA,NA,NA,NA,62,53,51,41,63,47,53,49,63,44,52,49
Miriam,Samara,Fontaine,11,17,Pine Field,NA,NA,NA,NA,63,54,52,46,62,53,46,58,63,50,53,51
Nyla,Lacey,Girard,10,17,Shady Willow,NA,NA,NA,NA,NA,NA,NA,NA,70,85,52,77,73,87,52,78
Elwyn,Eglantine,Hofer,10,16,Oakwood,NA,NA,NA,NA,NA,NA,NA,NA,72,47,69,53,69,45,73,54
Emmeline,Ludger,Attaway,12,19,Pine Field,70,53,61,50,72,55,56,49,64,52,60,49,75,47,61,49
Rudolf,Brandy,Wetzel,10,15,Shady Willow,NA,NA,NA,NA,NA,NA,NA,NA,100,85,82,86,96,83,80,83
Anika,Shantel,Bean,10,15,Oakwood,NA,NA,NA,NA,NA,NA,NA,NA,59,59,60,52,64,57,58,56
Aleesha,Araceli,Morgenstern,9,14,Oakwood,NA,NA,NA,NA,NA,NA,NA,NA,NA,NA,NA,NA,63,54,51,58
Katelynn,Bysshe,Samson,10,14,Oakwood,NA,NA,NA,NA,NA,NA,NA,NA,48,42,53,38,46,35,51,42
Jimi,Ulysses,Kappel,12,19,Oakwood,69,56,60,54,70,56,60,54,70,60,60,58,67,62,61,61
Madelyn,Siegmund,Dane,11,19,Shady Willow,NA,NA,NA,NA,71,80,69,71,72,78,71,71,78,77,68,69
Yoshie,Mathéo,Chamberlain,11,15,Shady Willow,NA,NA,NA,NA,65,66,52,66,66,64,51,64,67,71,55,60
Josephina,Natalia,Christophers,12,17,Pine Field,68,69,62,65,71,59,59,60,76,64,63,56,73,71,63,61
Parsifal,Yago,Sharman,11,16,Oakwood,NA,NA,NA,NA,49,48,60,40,50,46,60,39,47,46,59,42
Dinah,Carleton,Parks,12,17,Pine Field,68,67,62,64,66,58,66,68,72,63,60,63,66,68,60,69
Okonkwo,Macario,Falconer,12,16,Shady Willow,72,73,67,66,71,72,68,69,71,76,69,69,77,78,69,68
Takuya,Diantha,Everett,10,14,Shady Willow,NA,NA,NA,NA,NA,NA,NA,NA,61,67,39,56,66,73,44,56
Alysia,Ruperta,Adam,12,17,Oakwood,80,67,67,51,74,62,71,51,67,62,62,50,74,69,72,51
Bristol,Della,Wehner,9,16,Shady Willow,NA,NA,NA,NA,NA,NA,NA,NA,NA,NA,NA,NA,81,71,57,69
Marita,Emmett,Underhill,11,15,Shady Willow,NA,NA,NA,NA,71,49,42,47,73,54,43,50,74,51,43,51
Chet,Sherwood,Riley,10,16,Shady Willow,NA,NA,NA,NA,NA,NA,NA,NA,85,77,70,69,90,82,71,74
Amberly,Kenji,Toledano,10,16,Pine Field,NA,NA,NA,NA,NA,NA,NA,NA,85,77,76,62,77,74,81,65
Hildegard,Théophile,Lindon,11,16,Oakwood,NA,NA,NA,NA,72,61,56,41,69,59,53,50,66,68,56,51
Nacio,Mike,Traver,11,16,Shady Willow,NA,NA,NA,NA,77,60,65,72,74,59,63,75,73,61,65,77
Sixte,Eckhart,Escamilla,10,15,Oakwood,NA,NA,NA,NA,NA,NA,NA,NA,61,66,42,49,59,69,38,41
Juliana,Gualterio,Kimberly,11,16,Oakwood,NA,NA,NA,NA,51,46,38,33,53,46,46,39,47,43,41,35
Aden,Meta,Del,9,13,Shady Willow,NA,NA,NA,NA,NA,NA,NA,NA,NA,NA,NA,NA,66,66,38,47
Marian,Josephina,Otto,10,16,Oakwood,NA,NA,NA,NA,NA,NA,NA,NA,68,60,56,45,70,62,50,38
Adelardo,Kameron,Dedrick,11,17,Shady Willow,NA,NA,NA,NA,88,80,74,74,84,74,67,69,92,75,71,76
Abe,Booker,Bristow,9,16,Pine Field,NA,NA,NA,NA,NA,NA,NA,NA,NA,NA,NA,NA,75,62,65,64
Cletis,David,Mondy,10,16,Shady Willow,NA,NA,NA,NA,NA,NA,NA,NA,76,78,86,79,81,80,83,81
Jean-Philippe,Emmy,Irwin,10,16,Oakwood,NA,NA,NA,NA,NA,NA,NA,NA,71,63,65,63,80,74,62,67
Nichola,Remigio,Bristol,11,19,Pine Field,NA,NA,NA,NA,72,49,72,60,70,52,70,57,75,52,69,55
Woodie,Christabel,West,10,15,Shady Willow,NA,NA,NA,NA,NA,NA,NA,NA,64,71,47,65,63,69,42,66
Jockel,Asia,Haley,10,13,Pine Field,NA,NA,NA,NA,NA,NA,NA,NA,51,41,60,40,51,40,52,33
Ewart,Meagan,Armbrüster,11,18,Pine Field,NA,NA,NA,NA,92,68,70,70,84,68,69,71,86,69,73,70
Inez,Gay,Blakesley,11,17,Shady Willow,NA,NA,NA,NA,82,62,66,69,80,60,63,68,78,62,65,67
Barbara,Naoki,Fabien,11,16,Pine Field,NA,NA,NA,NA,78,56,65,59,77,56,61,59,78,55,63,61
Évelyne,Erwin,Rivero,9,14,Shady Willow,NA,NA,NA,NA,NA,NA,NA,NA,NA,NA,NA,NA,66,57,56,70
Aldéric,Puleng,Westcott,11,16,Shady Willow,NA,NA,NA,NA,72,66,62,62,66,62,54,64,69,62,57,66
Clemency,Lambert,Bateson,11,16,Shady Willow,NA,NA,NA,NA,73,56,52,64,72,52,51,66,76,55,46,69
Carmina,Tulio,Tollemache,10,15,Pine Field,NA,NA,NA,NA,NA,NA,NA,NA,67,64,56,53,65,68,55,52
Meg,Paislee,Oleastro,10,16,Pine Field,NA,NA,NA,NA,NA,NA,NA,NA,83,67,78,69,80,69,74,70
Sheila,Ryana,Kendrick,11,16,Pine Field,NA,NA,NA,NA,90,81,79,68,88,79,80,70,85,78,79,73
Nadine,Kennith,Jones,10,14,Pine Field,NA,NA,NA,NA,NA,NA,NA,NA,76,83,66,58,78,78,60,63
Fuyuko,Kinsley,Davies,10,15,Shady Willow,NA,NA,NA,NA,NA,NA,NA,NA,73,76,57,66,76,76,55,58
Cherokee,Lincoln,Blackbourne,11,18,Oakwood,NA,NA,NA,NA,65,61,72,61,68,59,70,59,75,59,68,67
Jools,Maralyn,Olayinka,11,17,Shady Willow,NA,NA,NA,NA,61,69,51,58,60,71,56,57,62,66,57,57
Sindy,Wim,Brett,10,15,Shady Willow,NA,NA,NA,NA,NA,NA,NA,NA,66,56,52,64,66,51,57,61
Marie,Imelda,Gott,10,16,Pine Field,NA,NA,NA,NA,NA,NA,NA,NA,75,62,70,55,80,58,68,60
Christel,Yohann,Smith,10,14,Shady Willow,NA,NA,NA,NA,NA,NA,NA,NA,71,69,51,79,69,66,55,77
Brendan,Cordelia,Schüttmann,9,16,Pine Field,NA,NA,NA,NA,NA,NA,NA,NA,NA,NA,NA,NA,77,52,74,56
Thekla,Jovita,Dresdner,10,16,Oakwood,NA,NA,NA,NA,NA,NA,NA,NA,63,52,56,42,70,55,57,41
Haruka,Ejiro,Haines,10,15,Shady Willow,NA,NA,NA,NA,NA,NA,NA,NA,81,71,74,62,76,70,75,62
Nicholas,Maxene,Wieck,9,15,Oakwood,NA,NA,NA,NA,NA,NA,NA,NA,NA,NA,NA,NA,71,67,60,51
Cassandra,Mandlenkosi,Schindler,9,15,Shady Willow,NA,NA,NA,NA,NA,NA,NA,NA,NA,NA,NA,NA,83,69,71,71
Pili,Ciríaco,Wolf,10,14,Shady Willow,NA,NA,NA,NA,NA,NA,NA,NA,80,75,87,82,85,79,88,82
Wu,Duilio,Heinrich,10,17,Pine Field,NA,NA,NA,NA,NA,NA,NA,NA,66,55,52,52,70,57,60,51
Davis,Alexina,Feldt,11,16,Shady Willow,NA,NA,NA,NA,79,65,87,87,84,71,83,82,85,66,88,82
Rebecca,Wanda,Yamada,11,17,Oakwood,NA,NA,NA,NA,67,47,58,49,69,51,59,50,62,52,56,52
Evaline,Cecilia,Rogers,9,14,Shady Willow,NA,NA,NA,NA,NA,NA,NA,NA,NA,NA,NA,NA,82,75,66,73
Danièle,Xavier,Garrett,10,16,Shady Willow,NA,NA,NA,NA,NA,NA,NA,NA,70,67,51,55,63,64,49,49
Marylou,Robena,Walterson,10,15,Shady Willow,NA,NA,NA,NA,NA,NA,NA,NA,68,68,61,72,66,73,55,76
Felizitas,Dione,Kirk,11,17,Oakwood,NA,NA,NA,NA,85,64,67,63,77,66,69,73,82,64,69,69
Wes,Myrtie,Schwartz,9,13,Oakwood,NA,NA,NA,NA,NA,NA,NA,NA,NA,NA,NA,NA,59,56,51,49
Reinhild,Isabel,Klein,10,16,Oakwood,NA,NA,NA,NA,NA,NA,NA,NA,73,67,54,73,72,69,55,73
Leyton,Millie,Dalí,11,16,Oakwood,NA,NA,NA,NA,52,50,46,40,58,50,46,36,57,46,50,39
Okonkwo,Conrad,Zhang,9,16,Oakwood,NA,NA,NA,NA,NA,NA,NA,NA,NA,NA,NA,NA,81,75,87,66
Maybelle,Agapito,Hirschel,9,14,Oakwood,NA,NA,NA,NA,NA,NA,NA,NA,NA,NA,NA,NA,58,57,51,49
Colleen,Caecilia,Alonso,11,17,Oakwood,NA,NA,NA,NA,76,80,71,66,70,82,70,68,81,84,73,70
Télesphore,Matthäus,Wedekind,11,16,Oakwood,NA,NA,NA,NA,63,63,54,53,61,63,59,59,67,68,55,58
Joseph,Tai,Mingo,9,15,Pine Field,NA,NA,NA,NA,NA,NA,NA,NA,NA,NA,NA,NA,61,50,48,37
Robyn,Carmina,Banderas,11,17,Oakwood,NA,NA,NA,NA,81,73,79,73,77,66,76,65,79,65,74,68
Lillia,Bárbara,Truman,11,18,Shady Willow,NA,NA,NA,NA,69,64,55,58,69,68,59,64,66,67,60,61
Ward,Chuks,Sinclair,10,18,Pine Field,NA,NA,NA,NA,NA,NA,NA,NA,66,60,45,47,77,68,45,48
Lanford,Wilbur,Sitz,11,16,Oakwood,NA,NA,NA,NA,67,52,59,52,68,59,67,62,67,59,64,56
Tommie,Tafadzwa,Geiger,10,15,Shady Willow,NA,NA,NA,NA,NA,NA,NA,NA,71,58,56,62,69,59,61,53
Edmund,África,Huffmann,10,16,Shady Willow,NA,NA,NA,NA,NA,NA,NA,NA,94,80,65,77,94,83,67,77
Mubiru,Sabrina,Specht,11,16,Shady Willow,NA,NA,NA,NA,65,67,68,72,66,63,65,70,67,66,63,72
Chidi,Marvin,Nussbaum,10,17,Oakwood,NA,NA,NA,NA,NA,NA,NA,NA,60,46,42,38,54,44,40,40
Achieng,Geena,Wakefield,12,19,Shady Willow,75,62,52,65,71,66,53,57,75,66,50,64,79,58,52,54
Clay,Steven,Ackerman,10,17,Oakwood,NA,NA,NA,NA,NA,NA,NA,NA,92,71,79,71,91,73,78,76
Arnulf,Casey,Ewart,10,17,Pine Field,NA,NA,NA,NA,NA,NA,NA,NA,71,59,63,62,72,63,68,69
Luna,Alexina,Sadler,10,15,Shady Willow,NA,NA,NA,NA,NA,NA,NA,NA,76,84,70,70,75,87,66,74
Beaumont,Madelina,Travis,10,16,Oakwood,NA,NA,NA,NA,NA,NA,NA,NA,68,71,60,56,70,73,62,57
Martín,Bette,Wyndham,11,14,Oakwood,NA,NA,NA,NA,63,49,68,52,65,52,66,56,67,55,64,60
Feliciano,Lindon,Kaiser,10,16,Shady Willow,NA,NA,NA,NA,NA,NA,NA,NA,57,66,46,59,67,73,47,62
Shun,Albert,Belmonte,10,16,Oakwood,NA,NA,NA,NA,NA,NA,NA,NA,87,82,83,83,96,87,83,75
Eutropio,Corneille,Pratt,9,15,Pine Field,NA,NA,NA,NA,NA,NA,NA,NA,NA,NA,NA,NA,71,63,61,50
Hilda,Axel,Reier,11,16,Shady Willow,NA,NA,NA,NA,65,59,39,60,61,69,37,61,67,65,42,57
Hui,Viola,Merchant,9,14,Shady Willow,NA,NA,NA,NA,NA,NA,NA,NA,NA,NA,NA,NA,79,69,68,65
Cassandra,Worknesh,Benjaminson,12,16,Shady Willow,87,79,72,79,89,83,70,78,83,81,70,71,78,82,66,77
Remigio,Merlin,Fields,10,16,Shady Willow,NA,NA,NA,NA,NA,NA,NA,NA,65,51,41,63,59,53,45,61
Omobolanle,Eneida,Ryer,11,15,Shady Willow,NA,NA,NA,NA,67,66,53,49,70,61,54,50,71,64,55,45
Maëlys,Brynn,Reeve,10,16,Oakwood,NA,NA,NA,NA,NA,NA,NA,NA,44,35,36,36,37,36,43,36
Utz,Carina,Scholz,10,16,Shady Willow,NA,NA,NA,NA,NA,NA,NA,NA,91,76,70,67,90,74,71,75
Guanyu,Bobbie,Ihejirika,9,14,Shady Willow,NA,NA,NA,NA,NA,NA,NA,NA,NA,NA,NA,NA,65,61,49,61
Jessalyn,Carry,Pratt,12,18,Shady Willow,74,60,51,62,72,65,58,56,69,60,57,60,73,65,58,63
Yesenia,Makoto,Sims,12,17,Pine Field,75,53,55,57,68,55,62,57,68,50,56,58,73,58,59,53
Olamide,Evangelina,Garnet,12,17,Oakwood,70,58,69,68,72,57,65,65,72,62,73,65,68,52,66,64
Fátima,Shawnda,Porter,10,15,Shady Willow,NA,NA,NA,NA,NA,NA,NA,NA,52,51,52,71,57,48,52,71
Bess,Nobuyuki,Hauer,11,17,Pine Field,NA,NA,NA,NA,54,52,47,44,52,44,47,45,51,45,43,41
Ufuoma,Soraya,Schuhmacher,10,15,Shady Willow,NA,NA,NA,NA,NA,NA,NA,NA,71,70,70,74,73,69,72,71
Peony,Kieran,Davis,11,18,Oakwood,NA,NA,NA,NA,64,52,63,60,70,49,57,61,75,48,63,58
Nathan,Ronda,Kennard,11,16,Shady Willow,NA,NA,NA,NA,86,85,60,71,87,88,62,69,86,90,58,67
Heaven,Rosalie,Snelling,10,17,Shady Willow,NA,NA,NA,NA,NA,NA,NA,NA,64,65,50,62,61,66,52,61
Morton,Marcelline,Drechsler,9,16,Shady Willow,NA,NA,NA,NA,NA,NA,NA,NA,NA,NA,NA,NA,78,66,47,60
Leberecht,Colton,Vincent,9,15,Shady Willow,NA,NA,NA,NA,NA,NA,NA,NA,NA,NA,NA,NA,80,84,68,80
Rene,Na,Sanford,10,14,Shady Willow,NA,NA,NA,NA,NA,NA,NA,NA,72,66,61,63,85,71,58,59
Sophie,Naoki,Tatham,10,16,Shady Willow,NA,NA,NA,NA,NA,NA,NA,NA,83,71,70,62,84,68,68,64
Qiang,Isabel,Dean,9,13,Oakwood,NA,NA,NA,NA,NA,NA,NA,NA,NA,NA,NA,NA,52,39,56,36
Gutierre,Sherman,Denman,11,17,Pine Field,NA,NA,NA,NA,82,61,73,73,86,64,77,77,86,60,74,73
Everitt,Fabiola,Comstock,12,17,Shady Willow,71,55,57,71,71,53,55,68,66,53,52,69,72,57,56,73
Karen,Gerardo,Yamauchi,10,16,Shady Willow,NA,NA,NA,NA,NA,NA,NA,NA,64,48,49,45,60,50,54,42
Sylvianne,Fidelia,Abrams,11,16,Shady Willow,NA,NA,NA,NA,67,88,47,76,71,85,48,73,72,83,41,73
Coby,Robin,Bentley,10,17,Shady Willow,NA,NA,NA,NA,NA,NA,NA,NA,77,84,58,78,78,86,63,78
Domingo,Honey,Simonson,11,16,Shady Willow,NA,NA,NA,NA,80,69,65,72,83,75,66,69,86,74,59,70
Mylène,Edna,Willis,10,14,Pine Field,NA,NA,NA,NA,NA,NA,NA,NA,84,69,71,62,85,75,69,66
Devon,Nele,Schnell,10,16,Pine Field,NA,NA,NA,NA,NA,NA,NA,NA,93,83,79,60,98,89,84,65
Newt,Angélica,Samuel,12,16,Pine Field,89,55,74,59,92,57,74,58,88,60,74,57,86,62,75,53
Jaden,Körbl,Pherigo,12,16,Shady Willow,74,72,61,63,76,79,70,66,77,74,62,63,72,77,69,70
Zacharie,Garrick,Santos,10,15,Shady Willow,NA,NA,NA,NA,NA,NA,NA,NA,73,67,61,68,76,60,58,70
Bessie,Zoé,Graves,11,15,Pine Field,NA,NA,NA,NA,73,65,79,60,77,67,73,64,75,67,76,63
Jayceon,Cary,Hibbert,12,18,Shady Willow,65,54,60,63,68,51,57,68,68,57,55,67,66,53,60,65
Gilles,Trudi,Gerstle,11,16,Oakwood,NA,NA,NA,NA,58,38,66,47,59,38,63,52,59,41,59,53
Madeleine,Christiane,Dietrich,11,16,Shady Willow,NA,NA,NA,NA,83,65,67,77,78,72,72,77,82,70,68,85
Natalie,Narelle,Wolf,9,14,Shady Willow,NA,NA,NA,NA,NA,NA,NA,NA,NA,NA,NA,NA,80,80,66,61
Sora,Atsuko,Matsumoto,11,15,Oakwood,NA,NA,NA,NA,77,66,75,70,77,74,76,74,73,74,70,76
Bonifaz,Danette,Roche,9,15,Oakwood,NA,NA,NA,NA,NA,NA,NA,NA,NA,NA,NA,NA,73,78,78,76
Carleton,Nikole,Styles,10,16,Shady Willow,NA,NA,NA,NA,NA,NA,NA,NA,71,52,47,68,71,46,52,62
Duke,Ayano,Bieber,12,19,Shady Willow,71,57,56,66,68,66,57,70,73,65,57,71,78,66,65,71
Josué,Modesto,Jäger,10,16,Shady Willow,NA,NA,NA,NA,NA,NA,NA,NA,76,68,60,70,69,68,66,69
Eckhart,Emilio,Tatum,11,18,Shady Willow,NA,NA,NA,NA,57,68,46,66,64,64,53,57,63,62,43,66
Leona,Janella,Waldroup,11,19,Oakwood,NA,NA,NA,NA,63,72,67,67,58,73,71,67,60,76,68,61
JoBeth,Cheryl,Beringer,11,17,Oakwood,NA,NA,NA,NA,58,65,53,50,69,66,53,54,63,72,50,56
Sallie,Manu,Freund,11,16,Pine Field,NA,NA,NA,NA,91,74,66,65,82,76,71,65,84,74,68,72
Thandeka,Cäcilie,Knepp,10,15,Shady Willow,NA,NA,NA,NA,NA,NA,NA,NA,83,85,66,80,80,78,71,80
Wren,Chifuniro,Baudin,10,16,Shady Willow,NA,NA,NA,NA,NA,NA,NA,NA,74,56,55,57,71,54,51,55
Prunella,Narciso,Senft,12,16,Pine Field,65,55,46,36,63,52,45,39,64,56,47,37,68,57,46,40
Derren,Raelene,Rey,10,17,Pine Field,NA,NA,NA,NA,NA,NA,NA,NA,69,56,59,52,66,61,69,48
Laurene,Luanne,Dane,11,18,Pine Field,NA,NA,NA,NA,79,61,77,71,85,48,76,67,77,61,77,59
Yuzuki,Adolf,Hale,9,15,Oakwood,NA,NA,NA,NA,NA,NA,NA,NA,NA,NA,NA,NA,80,67,67,62
Horace,Camille,Spurling,9,15,Shady Willow,NA,NA,NA,NA,NA,NA,NA,NA,NA,NA,NA,NA,67,51,67,62
Fawn,Elaine,Sweet,11,16,Shady Willow,NA,NA,NA,NA,80,85,63,82,82,89,73,83,75,84,66,80
Bennett,Sylvanus,Norris,11,16,Oakwood,NA,NA,NA,NA,61,55,61,52,56,57,55,57,62,54,59,58
Tawnie,Laurentine,Villalobos,12,17,Shady Willow,75,78,75,79,77,75,76,78,80,82,71,69,74,79,72,74
Tomomi,Trafford,Grosser,9,14,Shady Willow,NA,NA,NA,NA,NA,NA,NA,NA,NA,NA,NA,NA,83,69,70,76
Francette,Maite,Acosta,10,17,Shady Willow,NA,NA,NA,NA,NA,NA,NA,NA,72,76,62,68,74,68,56,64
Eben,Avis,Bischoffs,11,16,Pine Field,NA,NA,NA,NA,59,52,47,47,60,58,49,48,55,58,43,47
Aria,Bastien,Jephson,11,16,Shady Willow,NA,NA,NA,NA,59,67,43,64,61,68,37,68,61,69,46,67
Juliette,Eugénie,Roderick,9,14,Pine Field,NA,NA,NA,NA,NA,NA,NA,NA,NA,NA,NA,NA,60,63,73,66
Ainsley,Ethelyn,Tirrell,10,17,Oakwood,NA,NA,NA,NA,NA,NA,NA,NA,68,62,59,54,66,60,62,54
Fabián,Micheline,Aston,11,15,Shady Willow,NA,NA,NA,NA,74,75,60,63,63,76,64,65,67,75,62,62
Lana,Lysette,Meadows,10,16,Shady Willow,NA,NA,NA,NA,NA,NA,NA,NA,68,70,45,54,69,65,42,61
Harrison,Katrin,Perkins,11,19,Oakwood,NA,NA,NA,NA,53,61,50,51,59,59,52,50,58,59,51,49
Calixte,Itumeleng,Spitznagel,12,18,Shady Willow,75,61,68,67,75,60,66,64,72,65,71,67,74,60,72,66
Paca,Pascaline,Fay,11,16,Shady Willow,NA,NA,NA,NA,62,54,53,69,62,52,52,66,60,52,54,63
Maïa,Delta,Yamasaki,10,15,Shady Willow,NA,NA,NA,NA,NA,NA,NA,NA,65,60,53,62,73,55,52,58
Melvin,Sierra,Miller,11,16,Oakwood,NA,NA,NA,NA,52,47,63,57,59,49,63,52,53,52,57,54
Tarou,Olly,Kaufer,10,16,Shady Willow,NA,NA,NA,NA,NA,NA,NA,NA,70,60,59,67,68,63,62,64
Kathie,Cari,Kneller,10,16,Oakwood,NA,NA,NA,NA,NA,NA,NA,NA,77,81,67,61,75,86,64,55
Bambi,Meti,Bennet,10,15,Pine Field,NA,NA,NA,NA,NA,NA,NA,NA,84,63,83,63,85,55,77,65
Carlisa,Dixie,Yates,10,16,Shady Willow,NA,NA,NA,NA,NA,NA,NA,NA,71,64,70,72,74,67,69,67
Gill,Mariel,Crouch,12,17,Oakwood,60,51,60,44,57,56,62,49,61,49,54,45,60,54,59,44
Guillermo,Christian,Styles,10,14,Oakwood,NA,NA,NA,NA,NA,NA,NA,NA,54,58,52,51,55,63,48,55
Ernst,Adanna,Fosse,9,14,Shady Willow,NA,NA,NA,NA,NA,NA,NA,NA,NA,NA,NA,NA,83,91,88,89
Barthélémy,Barnaby,Bennet,11,17,Shady Willow,NA,NA,NA,NA,72,54,51,64,76,52,58,65,66,52,57,62
Kaety,Adrianne,Nye,11,16,Shady Willow,NA,NA,NA,NA,62,42,49,54,67,33,47,50,67,40,48,48
Oluwaseyi,Ayomide,Beaumont,10,15,Shady Willow,NA,NA,NA,NA,NA,NA,NA,NA,67,75,64,69,70,67,61,72
Jerrold,Temitope,Rojo,10,16,Oakwood,NA,NA,NA,NA,NA,NA,NA,NA,58,73,47,52,60,72,46,53
Lorn,Hal,Bullock,10,16,Pine Field,NA,NA,NA,NA,NA,NA,NA,NA,74,68,70,63,66,58,67,66
Theda,Raymundo,Beaulieu,10,14,Shady Willow,NA,NA,NA,NA,NA,NA,NA,NA,69,63,54,57,74,68,50,57
Mya,Dannie,Sanderson,9,15,Pine Field,NA,NA,NA,NA,NA,NA,NA,NA,NA,NA,NA,NA,75,67,62,75
Samuel,Letitia,Bonfils,11,16,Shady Willow,NA,NA,NA,NA,68,59,55,54,65,57,55,51,68,56,54,56
Jean-Paul,Hortensia,Gwerder,12,18,Shady Willow,82,80,64,77,89,87,67,83,90,90,69,77,88,80,61,77
Parsifal,Polly,Zhang,11,18,Shady Willow,NA,NA,NA,NA,79,88,56,77,77,85,48,73,71,82,48,77
Angela,Carolina,Haight,9,14,Pine Field,NA,NA,NA,NA,NA,NA,NA,NA,NA,NA,NA,NA,75,71,74,65
Romaine,Pauleen,Park,9,14,Shady Willow,NA,NA,NA,NA,NA,NA,NA,NA,NA,NA,NA,NA,62,65,53,62
Firmin,Tercero,Schindler,12,18,Pine Field,66,74,69,63,75,71,62,59,70,70,63,61,72,74,67,63
Love,Jerónimo,Baum,11,18,Shady Willow,NA,NA,NA,NA,75,70,54,57,73,61,51,59,77,61,60,51
Rei,Katsuo,Graves,9,15,Oakwood,NA,NA,NA,NA,NA,NA,NA,NA,NA,NA,NA,NA,76,66,52,48
Ernest,Matilda,Garey,11,18,Pine Field,NA,NA,NA,NA,67,58,68,61,66,58,60,58,65,63,60,54
Bosede,Elouise,Vega,11,16,Shady Willow,NA,NA,NA,NA,69,70,52,59,65,72,55,58,67,70,56,63
Shari,Camilo,Ackerman,10,17,Pine Field,NA,NA,NA,NA,NA,NA,NA,NA,57,70,62,58,67,67,63,55
Socorro,Lola,Archer,10,16,Pine Field,NA,NA,NA,NA,NA,NA,NA,NA,75,52,58,46,67,55,58,49
Braiden,Cam,Foster,11,15,Oakwood,NA,NA,NA,NA,75,73,65,70,71,74,63,62,75,69,66,66
Adrianna,Zoé,Taube,11,16,Oakwood,NA,NA,NA,NA,62,59,55,52,67,62,57,49,68,60,54,54
Odhiambo,Florinda,Araujo,12,16,Shady Willow,73,71,64,69,78,65,65,75,76,69,63,70,72,72,66,77
Drummond,José,Fishman,11,18,Pine Field,NA,NA,NA,NA,54,46,44,37,52,50,40,38,52,46,43,31
Lorenza,Daly,Walmsley,10,17,Pine Field,NA,NA,NA,NA,NA,NA,NA,NA,50,28,47,39,51,33,52,39
Rin,Annice,Moreau,9,16,Shady Willow,NA,NA,NA,NA,NA,NA,NA,NA,NA,NA,NA,NA,61,57,44,51
Lindsie,Layne,Fairbairn,11,16,Pine Field,NA,NA,NA,NA,56,39,45,44,59,46,40,48,52,43,39,40
Cordula,Bethania,Hume,12,17,Shady Willow,71,71,51,67,68,71,57,65,72,63,58,66,71,67,62,67
Ciriaco,Rémy,Augustin,11,17,Pine Field,NA,NA,NA,NA,79,61,88,67,82,58,89,72,84,65,86,62
Susan,Mathéo,Bonham,12,19,Shady Willow,67,69,48,58,66,72,46,56,65,68,44,62,67,65,50,59
Maxi,Merletta,Harris,11,17,Shady Willow,NA,NA,NA,NA,74,61,67,69,72,62,66,69,67,56,64,75
Booker,Easton,Elliston,10,14,Pine Field,NA,NA,NA,NA,NA,NA,NA,NA,83,75,66,71,89,76,58,63
Weston,Devin,Stroud,11,16,Shady Willow,NA,NA,NA,NA,75,72,74,73,72,71,72,74,69,74,72,74
Roslyn,Zuberi,Bancroft,10,17,Shady Willow,NA,NA,NA,NA,NA,NA,NA,NA,88,82,68,72,86,90,66,68
Liddy,Harriette,Winton,9,14,Shady Willow,NA,NA,NA,NA,NA,NA,NA,NA,NA,NA,NA,NA,70,72,75,69
Suse,Carina,Wyman,10,16,Pine Field,NA,NA,NA,NA,NA,NA,NA,NA,73,56,66,58,78,53,62,55
Charo,Winslow,Von,11,18,Pine Field,NA,NA,NA,NA,76,63,71,64,78,65,73,69,77,65,70,60
Lisa,Kyle,Montagne,11,16,Shady Willow,NA,NA,NA,NA,89,82,50,63,88,81,54,63,82,83,50,68
Beverley,Clotilde,Derby,10,17,Pine Field,NA,NA,NA,NA,NA,NA,NA,NA,52,44,51,39,54,36,45,36
Ogechi,Gustavo,Rodriquez,12,18,Shady Willow,89,87,67,77,90,91,66,73,89,89,67,73,92,86,66,65
Nsia,Fidel,Giehl,10,16,Oakwood,NA,NA,NA,NA,NA,NA,NA,NA,77,80,75,67,77,76,71,72
Horst,Aimé,Roldán,11,17,Oakwood,NA,NA,NA,NA,63,64,56,50,63,69,55,51,64,70,59,47
Léa,Kemp,Steele,11,16,Oakwood,NA,NA,NA,NA,83,58,70,65,78,66,61,67,77,66,66,61
Antoinette,Astrid,Payne,10,17,Pine Field,NA,NA,NA,NA,NA,NA,NA,NA,67,39,58,48,59,42,61,43
Lydia,Linton,Lau,10,16,Oakwood,NA,NA,NA,NA,NA,NA,NA,NA,57,53,40,39,54,47,45,45
Cleve,Janette,Ericson,12,17,Oakwood,70,52,67,56,71,59,69,58,68,56,66,56,66,58,66,60
Jana,Unice,Kauffmann,10,16,Oakwood,NA,NA,NA,NA,NA,NA,NA,NA,56,66,50,54,58,64,49,53
Addison,Adelardo,Ledford,10,16,Oakwood,NA,NA,NA,NA,NA,NA,NA,NA,64,74,57,60,67,68,61,63
Rachelle,Prudence,Dreschner,11,17,Shady Willow,NA,NA,NA,NA,78,78,69,73,76,82,68,76,72,76,70,76
Allyn,Chidiegwu,Acosta,10,16,Oakwood,NA,NA,NA,NA,NA,NA,NA,NA,67,50,67,50,75,54,63,48
Ibán,Ileen,Tolkien,9,15,Oakwood,NA,NA,NA,NA,NA,NA,NA,NA,NA,NA,NA,NA,60,55,58,53
Octavia,Agustina,Herrera,11,16,Shady Willow,NA,NA,NA,NA,89,77,69,71,92,76,67,73,87,76,71,70
Johanna,Esther,Baldwin,9,13,Oakwood,NA,NA,NA,NA,NA,NA,NA,NA,NA,NA,NA,NA,77,71,60,70
Johann,Baptist,Everitt,11,17,Shady Willow,NA,NA,NA,NA,74,64,54,66,73,65,51,62,77,63,56,58
Osvaldo,Janeka,Amador,9,14,Pine Field,NA,NA,NA,NA,NA,NA,NA,NA,NA,NA,NA,NA,70,69,76,62
Zed,Axel,Monette,11,14,Oakwood,NA,NA,NA,NA,68,62,74,68,71,65,71,73,67,67,69,69
Chus,Vérène,Best,10,16,Pine Field,NA,NA,NA,NA,NA,NA,NA,NA,85,68,74,62,86,66,72,63
Kyler,Janele,Summerfield,10,16,Shady Willow,NA,NA,NA,NA,NA,NA,NA,NA,80,64,62,69,78,63,65,65
Elmo,Lothaire,Tuff,12,19,Pine Field,73,62,79,66,72,59,80,61,76,59,77,64,76,57,78,61
Kristen,Vianne,Danniell,9,15,Shady Willow,NA,NA,NA,NA,NA,NA,NA,NA,NA,NA,NA,NA,66,76,46,64
Dolores,Gilbert,Thorley,10,16,Shady Willow,NA,NA,NA,NA,NA,NA,NA,NA,85,74,60,64,72,71,59,67
Johann,Gregg,Habicht,11,16,Shady Willow,NA,NA,NA,NA,56,35,52,43,50,44,49,38,55,45,52,46
Aura,Faith,Appleby,10,16,Oakwood,NA,NA,NA,NA,NA,NA,NA,NA,69,56,63,52,70,63,63,50
Lizzy,Doris,Spitz,11,17,Pine Field,NA,NA,NA,NA,78,53,83,63,79,51,76,62,75,47,74,67
Kotone,Nando,Booth,10,17,Oakwood,NA,NA,NA,NA,NA,NA,NA,NA,69,56,56,52,72,55,55,56
